TT_Row_No,TT_Col_No,TT_Product_Name,TT_Qty,TT_Credit_Debit,TT_DateTime,TT_Transaction_Id,TT_Trans_Balance
1,4,Cold Coffee,10,Credit,20-08-2020 12:27:10,L,10
1,1,Amurtanjan,10,Credit,20-08-2020 12:27:19,L,10
1,2,Cashews,10,Credit,20-08-2020 12:27:27,L,10
1,2,Cashews,0,Credit,20-08-2020 12:27:31,L,10
1,6,Water Bottle,10,Credit,20-08-2020 13:10:05,L,10
1,6,Water Bottle,-5,Credit,20-08-2020 13:12:39,L,5
1,6,Water Bottle,-5,Credit,20-08-2020 13:12:51,L,0
1,6,Water Bottle,10,Credit,20-08-2020 13:15:45,L,10
1,6,Water Bottle,-5,Credit,20-08-2020 13:19:02,L,5
